<?xml version="1.0" encoding="UTF-8"?>
<project-private xmlns="http://www.netbeans.org/ns/project-private/1">
    <editor-bookmarks xmlns="http://www.netbeans.org/ns/editor-bookmarks/2" lastBookmarkId="0"/>
    <open-files xmlns="http://www.netbeans.org/ns/projectui-open-files/2">
        <group>
            <file>file:/Users/m.salmanghazi/NetBeansProjects/assign4/src/assign4/tictactoe.java</file>
            <file>file:/Users/m.salmanghazi/NetBeansProjects/assign4/src/assign4/Assign4.java</file>
            <file>file:/Users/m.salmanghazi/NetBeansProjects/assign4/src/assign4/TTModel.java</file>
            <file>file:/Users/m.salmanghazi/NetBeansProjects/assign4/src/assign4/TTController.java</file>
        </group>
    </open-files>
</project-private>
